{
  "cart.tsx -> src/sections/cart": {
    "id": 88443,
    "files": [
      "static/chunks/252f366e.d72ca88a93d91a43.js",
      "static/chunks/1711.1e569bacc463d237.js",
      "static/chunks/145.a5fbb2c743cf158d.js",
      "static/chunks/4607.918c3b2776444da5.js",
      "static/chunks/2732.035697463313a972.js",
      "static/chunks/6218.50a5bffc32d1eef6.js",
      "static/chunks/4068.ff58f8506ee4f5ab.js",
      "static/chunks/1447.9f44f6cfb323a95b.js",
      "static/chunks/8443.32313ec77c035eb0.js"
    ]
  },
  "class\\[id]\\index.tsx -> src/sections/Pages/CourseDetailUI": {
    "id": 37229,
    "files": [
      "static/chunks/1711.1e569bacc463d237.js",
      "static/chunks/145.a5fbb2c743cf158d.js",
      "static/chunks/6218.50a5bffc32d1eef6.js",
      "static/chunks/6293.0360064b65d69d9b.js",
      "static/chunks/7229.9ac7414736bb1399.js"
    ]
  },
  "class\\index.tsx -> src/sections/Pages/CourseUI": {
    "id": 43387,
    "files": [
      "static/chunks/145.a5fbb2c743cf158d.js",
      "static/chunks/2732.035697463313a972.js",
      "static/chunks/7376.b5073c117620f867.js",
      "static/chunks/1393.3e5acb7278de447a.js",
      "static/chunks/3387.04605684d5fea6d4.js"
    ]
  },
  "course-progress.tsx -> src/sections/Pages/CourseProgressUI": {
    "id": 96149,
    "files": [
      "static/chunks/6149.5bf461c78d7aa7ad.js"
    ]
  },
  "course\\[id]\\index.tsx -> src/sections/Pages/CourseDetailUI": {
    "id": 37229,
    "files": [
      "static/chunks/1711.1e569bacc463d237.js",
      "static/chunks/145.a5fbb2c743cf158d.js",
      "static/chunks/6218.50a5bffc32d1eef6.js",
      "static/chunks/6293.0360064b65d69d9b.js",
      "static/chunks/7229.9ac7414736bb1399.js"
    ]
  },
  "course\\index.tsx -> src/sections/Pages/CourseUI": {
    "id": 43387,
    "files": [
      "static/chunks/145.a5fbb2c743cf158d.js",
      "static/chunks/2732.035697463313a972.js",
      "static/chunks/7376.b5073c117620f867.js",
      "static/chunks/1393.3e5acb7278de447a.js",
      "static/chunks/3387.04605684d5fea6d4.js"
    ]
  },
  "document\\[id]\\index.tsx -> src/sections/Pages/DocumentDetailUI": {
    "id": 8139,
    "files": [
      "static/chunks/1711.1e569bacc463d237.js",
      "static/chunks/145.a5fbb2c743cf158d.js",
      "static/chunks/6218.50a5bffc32d1eef6.js",
      "static/chunks/6293.0360064b65d69d9b.js",
      "static/chunks/8139.6682535a7f60b547.js"
    ]
  },
  "document\\index.tsx -> src/sections/Pages/DocumentUI": {
    "id": 56619,
    "files": [
      "static/chunks/145.a5fbb2c743cf158d.js",
      "static/chunks/2732.035697463313a972.js",
      "static/chunks/7376.b5073c117620f867.js",
      "static/chunks/1393.3e5acb7278de447a.js",
      "static/chunks/6619.3b9b8ddd4d3a6f46.js"
    ]
  },
  "forgot-password.tsx -> src/sections/ForgotPassword": {
    "id": 61321,
    "files": [
      "static/chunks/de71a805.a025cfae2f7125db.js",
      "static/chunks/7306-0a46e8061d860502.js",
      "static/chunks/1711.1e569bacc463d237.js",
      "static/chunks/4607.918c3b2776444da5.js",
      "static/chunks/1321.81ce45cb453cc45a.js"
    ]
  },
  "index.tsx -> src/sections/Pages/HomeUI": {
    "id": 90637,
    "files": [
      "static/chunks/145.a5fbb2c743cf158d.js",
      "static/chunks/2732.035697463313a972.js",
      "static/chunks/7376.b5073c117620f867.js",
      "static/chunks/4854.3f38de350a9f98d4.js",
      "static/chunks/637.9969ac5f1cc73715.js"
    ]
  },
  "login.tsx -> src/sections/Login": {
    "id": 54926,
    "files": [
      "static/chunks/7306-0a46e8061d860502.js",
      "static/chunks/1711.1e569bacc463d237.js",
      "static/chunks/4607.918c3b2776444da5.js",
      "static/chunks/4926.97cbc2a704722175.js"
    ]
  },
  "my-learning.tsx -> src/sections/Pages/MyLearning": {
    "id": 32859,
    "files": [
      "static/chunks/252f366e.d72ca88a93d91a43.js",
      "static/chunks/1711.1e569bacc463d237.js",
      "static/chunks/145.a5fbb2c743cf158d.js",
      "static/chunks/4607.918c3b2776444da5.js",
      "static/chunks/2732.035697463313a972.js",
      "static/chunks/6218.50a5bffc32d1eef6.js",
      "static/chunks/4068.ff58f8506ee4f5ab.js",
      "static/chunks/1447.9f44f6cfb323a95b.js"
    ]
  },
  "order.tsx -> src/sections/order": {
    "id": 77501,
    "files": [
      "static/chunks/7501.2ebbfc4cc628bb97.js"
    ]
  },
  "post\\[id]\\index.tsx -> src/sections/Pages/PostDetail": {
    "id": 68263,
    "files": [
      "static/chunks/8263.54224e05c9e2cd94.js"
    ]
  },
  "post\\index.tsx -> src/sections/Pages/Post": {
    "id": 82170,
    "files": [
      "static/chunks/2170.23cf3ee774fee519.js"
    ]
  },
  "register.tsx -> src/sections/Register": {
    "id": 75174,
    "files": [
      "static/chunks/7306-0a46e8061d860502.js",
      "static/chunks/1711.1e569bacc463d237.js",
      "static/chunks/4607.918c3b2776444da5.js",
      "static/chunks/5174.9579d4815b58af7b.js"
    ]
  },
  "settings.tsx -> src/sections/Pages/Setting": {
    "id": 4560,
    "files": [
      "static/chunks/252f366e.d72ca88a93d91a43.js",
      "static/chunks/1711.1e569bacc463d237.js",
      "static/chunks/145.a5fbb2c743cf158d.js",
      "static/chunks/4607.918c3b2776444da5.js",
      "static/chunks/2732.035697463313a972.js",
      "static/chunks/6218.50a5bffc32d1eef6.js",
      "static/chunks/4068.ff58f8506ee4f5ab.js",
      "static/chunks/1447.9f44f6cfb323a95b.js",
      "static/chunks/4560.a865d7ce37a29782.js"
    ]
  },
  "verify.tsx -> src/sections/Verify": {
    "id": 46161,
    "files": [
      "static/chunks/1bfc9850.532c35aa979b8014.js",
      "static/chunks/7306-0a46e8061d860502.js",
      "static/chunks/1633-6ef19b19efa757a6.js",
      "static/chunks/1711.1e569bacc463d237.js",
      "static/chunks/4607.918c3b2776444da5.js",
      "static/chunks/6161.895dd598247e0599.js"
    ]
  }
}